{
  "settings": {
    "locale": "en-us",
    "showMenu": false,
    "enableAdvanced": true
  },
  "launcherVersion": {
    "name": "2.1.1351",
    "format": 21,
    "profilesFormat": 2
  },
  "clientToken": "45c0a16a2ca92b9c91a8195df828c389",
  "profiles": {
    "58741670fc718351d60dd2b55e3bbd18": {
      "type": "latest-release",
      "lastUsed": "1970-01-01T00:00:00.001Z"
    },
    "8133043eb06095da82e5ea1314417cc9": {
      "type": "latest-snapshot",
      "lastUsed": "1970-01-01T00:00:00.000Z"
    },
    "Forge": {
      "name": "Forge",
      "type": "custom",
      "created": "2018-08-12T18:15:10.895Z",
      "lastUsed": "2018-08-12T22:37:54.057Z",
      "lastVersionId": "1.6.4-Forge9.11.1.1345"
    },
    "398aee648e96b160fb7a85480acf1a1e": {
      "name": "",
      "type": "custom",
      "created": "2018-08-12T02:17:03.070Z",
      "lastUsed": "2018-08-12T18:05:57.118Z",
      "lastVersionId": "1.6.4"
    },
    "8b1d05c155df8652cdcdd7de8afaf1fa": {
      "name": "sorry",
      "type": "custom",
      "created": "2018-08-12T02:16:55.095Z",
      "lastUsed": "1970-01-01T00:00:00.000Z",
      "lastVersionId": "1.12.2"
    },
    "OptiFine": {
      "name": "OptiFine",
      "type": "custom",
      "created": "2018-08-12T19:17:29.980Z",
      "lastUsed": "1970-01-01T00:00:00.000Z",
      "lastVersionId": "1.6.4-OptiFine_HD_U_D1"
    }
  },
  "analyticsFailcount": 0,
  "selectedUser": {
    "account": "f365ce34c79ea2d0595192075a4f55fe",
    "profile": "d3589c1b7d6d428da0929ad2a16bef32"
  },
  "analyticsToken": "328501afcba1fe5246514132e789d502",
  "authenticationDatabase": {
    "f365ce34c79ea2d0595192075a4f55fe": {
      "accessToken": "722833799ce54fe6b95084a6c78ebae9",
      "username": "titanicrobo@yahoo.com",
      "profiles": {
        "d3589c1b7d6d428da0929ad2a16bef32": {
          "displayName": "IrateSkelly"
        }
      }
    }
  },
  "selectedProfile": "OptiFine"
}